P1-27,0.383501708508,0.373141080141,0.379999041557,0.389199107885,0.395684123039,0.399251639843,0.400062263012,0.401616841555,0.399473667145,0.396608859301,0.392228901386,0.384408593178,0.378341913223,0.37208673358,0.36260330677,0.352857410908,0.34326928854,0.337173014879,0.335791617632,0.33615899086,0.339578688145,0.344273716211,0.346846282482,0.346106559038,0.342650085688,0.337366402149,0.330628544092,0.322141289711,0.312783628702,0.302057266235,0.289820998907,0.2772141397,0.266340732574,0.255425900221,0.245421662927,0.235987454653,0.22627864778,0.216302424669,0.207778185606,0.199595689774,0.192072749138,0.184855431318,0.178886204958,0.173991724849,0.169001117349,0.164931476116,0.162424579263,0.160870522261,0.160663947463,0.160980671644,0.162745326757,0.166130408645,0.16952329874,0.173360705376,0.176551818848,0.17748683691,0.176994666457,0.174085900187,0.169880494475,0.163750037551,0.15715162456,0.149967044592,0.143003895879,0.136742845178,0.131005004048,0.126393258572,0.123204693198,0.122119531035,0.121677488089,0.122196659446,0.123229131103,0.124091304839,0.1249377653,0.125411808491,0.125750228763,0.125956594944,0.126175284386,0.125923961401,0.12564137578,0.125236302614,0.124868072569,0.124549433589,0.124467991292,0.12392577529,0.123835936189,0.123854532838,0.124635435641,0.125980064273,0.127530649304,0.129736065865,0.132065787911,0.135992795229,0.141434729099,0.14688552916,0.154366731644,0.16344755888,0.174399450421,0.188029080629,0.201710298657,0.219798639417,0.240192219615,0.262877613306,0.286605268717,0.311141610146,0.337325155735,0.363189697266,0.38236245513,0.40122744441,0.415649682283,0.427890151739,0.441669017076,0.449399650097,0.457946360111,0.465176463127,0.469929546118,0.47379475832,0.476623296738,0.479396760464,0.480302423239,0.481183707714,0.482875347137,0.482343584299,0.484352678061,0.486670404673,0.489387571812,0.487718939781,0.486198723316,0.483588993549,0.484545558691,0.48422190547,0.483913958073,0.484409332275,0.484555691481,0.485144168139,0.486616194248,0.487592637539,0.488161444664,0.487684428692,0.486555665731,0.486831247807,0.488100558519,0.488569885492,0.494703292847,0.492067575455,0.495699495077,0.49750199914,0.49829724431,0.500808119774,0.500333547592,0.499840080738,0.503175675869,0.499999940395,0.505054652691,0.505640387535,0.510630607605,0.510296463966,0.510606050491,0.513493597507,0.517353057861,0.516131222248,0.5231295228,0.522589504719,0.52333843708,0.527572989464,0.532647907734,0.529425859451,0.536511182785,0.541628539562,0.540838062763,0.542610764503,0.544444441795,0.548497676849,0.560166120529,0.563282728195,0.567486524582,0.570807754993,0.563844263554,0.568507552147,0.571217000484,0.607738912106,0.639427423477,0.656691908836,0.642654657364,0.626107633114,0.653771162033,0.670928001404,0.635521948338,0.645771503448,0.659016668797,0.648591220379,0.624981939793,0.622172772884,0.62390434742,0.632836520672,0.637082159519,0.642262518406,0.638436019421,0.642223894596,0.635773539543,0.646140217781
P1-29,0.514801979065,0.519907057285,0.527672588825,0.533951997757,0.535848140717,0.53306388855,0.527883887291,0.522319257259,0.514756560326,0.506347239017,0.49465367198,0.475745052099,0.464711040258,0.450837284327,0.431465655565,0.412864744663,0.393777579069,0.380937248468,0.378388792276,0.381604939699,0.392663598061,0.408059865236,0.419707357883,0.426646918058,0.42945972085,0.433028787374,0.43420752883,0.433151453733,0.428943961859,0.420233845711,0.407146841288,0.393938839436,0.384771615267,0.371677607298,0.359587788582,0.345345973969,0.331525862217,0.317979693413,0.305541753769,0.292631059885,0.280253916979,0.268169492483,0.259433120489,0.252255618572,0.243087664247,0.236645191908,0.230996757746,0.227496594191,0.225415825844,0.224735483527,0.227022409439,0.230823814869,0.235084265471,0.24020062387,0.243397846818,0.243442982435,0.242778882384,0.239652588964,0.234117791057,0.226409971714,0.218190193176,0.208510756493,0.198560282588,0.189765691757,0.180145889521,0.171249091625,0.165258899331,0.163437902927,0.16365031898,0.166753098369,0.169923633337,0.172684162855,0.174109369516,0.174378231168,0.17400623858,0.174404859543,0.174618408084,0.173938080668,0.172654032707,0.171567201614,0.170948982239,0.170231983066,0.17000849545,0.16931836307,0.169329732656,0.169092357159,0.171212866902,0.173682972789,0.176362976432,0.183187022805,0.191708147526,0.199998036027,0.209668442607,0.221375793219,0.235013067722,0.251771628857,0.26929461956,0.287936627865,0.304779648781,0.325724154711,0.349008202553,0.373425036669,0.398424446583,0.420093327761,0.436724096537,0.45372274518,0.468528687954,0.482547461987,0.490086495876,0.492205113173,0.50373595953,0.505957067013,0.510225355625,0.515623271465,0.518900930882,0.519947230816,0.520568132401,0.520319759846,0.521495461464,0.52048510313,0.520521759987,0.521865963936,0.521787464619,0.517562747002,0.529283285141,0.530394494534,0.526767671108,0.524421870708,0.523784995079,0.524772822857,0.523492157459,0.523414552212,0.523899316788,0.524668395519,0.52428239584,0.524217009544,0.522218346596,0.519800782204,0.521062195301,0.522315323353,0.523486077785,0.525841236115,0.533233225346,0.532138705254,0.535117149353,0.539985179901,0.53844076395,0.540775358677,0.54022705555,0.541922748089,0.543892741203,0.541782438755,0.546557962894,0.545883953571,0.548874616623,0.552704751492,0.551619470119,0.555532038212,0.55770689249,0.559190452099,0.567109167576,0.563647806644,0.567369580269,0.568756043911,0.575352489948,0.571191132069,0.580839753151,0.58091044426,0.582390785217,0.582149922848,0.586734235287,0.585065424442,0.599296152592,0.59922504425,0.607365131378,0.611565947533,0.602063894272,0.606534600258,0.605274379253,0.622564136982,0.623387515545,0.659576058388,0.662178099155,0.645326852798,0.666150689125,0.679244041443,0.650298178196,0.657407462597,0.676671206951,0.690366268158,0.662802755833,0.664410173893,0.664345502853,0.672149002552,0.661015152931,0.680084645748,0.668446481228,0.67993581295,0.678743958473,0.684834599495
P1-31,0.380952358246,0.366572439671,0.367508262396,0.369747877121,0.376096785069,0.380276143551,0.38489612937,0.3884344697,0.385983228683,0.38358733058,0.375409215689,0.36292347312,0.352451473475,0.340335726738,0.323512256145,0.307294040918,0.290329933167,0.27896258235,0.276310116053,0.280519485474,0.292864829302,0.308586835861,0.320344537497,0.32833725214,0.334207445383,0.338222622871,0.341104537249,0.340864777565,0.337636232376,0.328934013844,0.318722248077,0.30842718482,0.297728806734,0.286902844906,0.276650071144,0.264521986246,0.252338439226,0.24056763947,0.229150414467,0.218151956797,0.208806693554,0.19826130569,0.191672638059,0.18655090034,0.17999099195,0.174548327923,0.170641615987,0.167246744037,0.166127249599,0.164667382836,0.165260031819,0.167525321245,0.169598311186,0.171619147062,0.17229488492,0.170724496245,0.169635429978,0.167250543833,0.161660820246,0.155872240663,0.149710208178,0.143649101257,0.136968359351,0.131593987346,0.124960005283,0.11918438226,0.114726580679,0.113712131977,0.114941678941,0.116834186018,0.118824392557,0.120373636484,0.120927654207,0.12080039084,0.120630331337,0.11968690902,0.119829006493,0.118869431317,0.118203312159,0.117329753935,0.116382360458,0.116826102138,0.116034120321,0.116104446352,0.116347923875,0.116441316903,0.116850815713,0.117452897131,0.119320847094,0.123314991593,0.129199907184,0.133286744356,0.139155745506,0.145726844668,0.155512675643,0.164312407374,0.174569502473,0.185455292463,0.195712819695,0.208716392517,0.222940787673,0.239423543215,0.255232691765,0.266358077526,0.281267940998,0.291639566422,0.303077727556,0.309977352619,0.313967078924,0.320639282465,0.326030403376,0.328499704599,0.331993371248,0.337493956089,0.337115854025,0.336393892765,0.33790692687,0.337961703539,0.337137848139,0.337439447641,0.337684631348,0.339523673058,0.330747425556,0.336541712284,0.357978641987,0.346279740334,0.33888477087,0.339784860611,0.341747432947,0.34059587121,0.341137558222,0.339544504881,0.340388000011,0.342491477728,0.342826128006,0.340501785278,0.336186885834,0.338279783726,0.338498264551,0.337012082338,0.342054277658,0.343015164137,0.350769519806,0.349280238152,0.352380990982,0.35754263401,0.357035696507,0.357916533947,0.357142865658,0.35951679945,0.360235005617,0.358082711697,0.360262721777,0.361487686634,0.365201443434,0.368850499392,0.368716269732,0.369815647602,0.367521375418,0.371100157499,0.376124709845,0.370562791824,0.376346677542,0.376419812441,0.384540230036,0.383688390255,0.386302858591,0.389499396086,0.389880955219,0.398539453745,0.398412704468,0.398331999779,0.400560230017,0.415654331446,0.410582005978,0.417426526546,0.405714273453,0.404255330563,0.411477357149,0.433992624283,0.45430675149,0.473015785217,0.483709275723,0.466861635447,0.477941155434,0.491946816444,0.436974853277,0.46125125885,0.489884883165,0.477025896311,0.465986400843,0.462732851505,0.453186750412,0.455486536026,0.466497242451,0.480895906687,0.459454804659,0.467391341925,0.4588509202,0.473461300135
P1-25,0.475528627634,0.469505786896,0.472619265318,0.484699904919,0.48745983839,0.4898186028,0.4916061759,0.490723013878,0.492179185152,0.490551114082,0.487586051226,0.480506896973,0.477817296982,0.472589880228,0.465884596109,0.461263209581,0.456705361605,0.453122138977,0.449592620134,0.449168890715,0.449754267931,0.451566189528,0.450369983912,0.446841061115,0.440472245216,0.432180196047,0.422251820564,0.410956501961,0.397213667631,0.383168846369,0.368183225393,0.35414865613,0.34092387557,0.328657597303,0.318508058786,0.308212310076,0.298655241728,0.288339614868,0.278065860271,0.268494665623,0.261007279158,0.254248797894,0.247278630733,0.240768969059,0.235011294484,0.230593651533,0.22668774426,0.225458413363,0.225956708193,0.228055387735,0.232407465577,0.237549155951,0.243686154485,0.250027090311,0.254409343004,0.255798012018,0.255653619766,0.252171009779,0.247053310275,0.238899290562,0.229866936803,0.219802170992,0.20970402658,0.199008613825,0.189537286758,0.182075947523,0.176902189851,0.173080056906,0.171912670135,0.173136040568,0.174586251378,0.17549867928,0.176739901304,0.176975980401,0.176583588123,0.176243156195,0.175708994269,0.174926280975,0.174398124218,0.173231408,0.171882927418,0.170018985868,0.1681355685,0.166491031647,0.165060341358,0.164301902056,0.164722919464,0.164593249559,0.16547998786,0.166318595409,0.168346598744,0.17147025466,0.175830319524,0.180934339762,0.188454031944,0.199234947562,0.209967657924,0.223100304604,0.239051759243,0.260111153126,0.280324280262,0.302811682224,0.328412413597,0.352688997984,0.371346890926,0.389675825834,0.407782465219,0.427164584398,0.438835024834,0.447655558586,0.457783639431,0.464594483376,0.471208363771,0.476373851299,0.480106443167,0.483804404736,0.483270198107,0.484358131886,0.485222578049,0.485190778971,0.4860265553,0.485171914101,0.485209167004,0.48216226697,0.48927924037,0.490103840828,0.485977053642,0.484999209642,0.483815640211,0.482575714588,0.480046838522,0.48191973567,0.482466995716,0.48223516345,0.482185691595,0.480127543211,0.479841321707,0.47642365098,0.479526281357,0.480518251657,0.481520950794,0.484365075827,0.485048800707,0.488302499056,0.489210635424,0.49246737361,0.487323492765,0.488837480545,0.496315807104,0.493240743876,0.498096197844,0.495861053467,0.498875379562,0.498441249132,0.499845176935,0.504435300827,0.509551346302,0.510665476322,0.50818002224,0.513284444809,0.516880810261,0.520103871822,0.514674842358,0.523123264313,0.52871710062,0.520148575306,0.527118265629,0.533859074116,0.533356964588,0.544640541077,0.545305013657,0.551167190075,0.543894171715,0.553816258907,0.551076948643,0.557339906693,0.554984807968,0.569554686546,0.563659250736,0.594486296177,0.587081253529,0.62818723917,0.59896337986,0.585087716579,0.59751188755,0.633779764175,0.629569232464,0.636076509953,0.648803770542,0.606539130211,0.659090936184,0.60983222723,0.600451111794,0.621515274048,0.633873164654,0.603354513645,0.613707244396,0.621457397938,0.615384459496,0.648650467396
P1-23,0.718254029751,0.694407939911,0.685024261475,0.684791564941,0.673619568348,0.659291684628,0.648585021496,0.639297008514,0.625448286533,0.608742833138,0.592793524265,0.57952529192,0.568466305733,0.556996107101,0.54300147295,0.53473764658,0.523918807507,0.519333124161,0.515573084354,0.513215184212,0.515258729458,0.517876267433,0.515465438366,0.51385474205,0.510569214821,0.50263106823,0.493762582541,0.48021581769,0.468720167875,0.454100161791,0.440472126007,0.426245778799,0.411993771791,0.400143742561,0.388549178839,0.377399206161,0.367328494787,0.354874759912,0.344878554344,0.333610743284,0.326962500811,0.319119185209,0.309706121683,0.301357299089,0.294295579195,0.28815510869,0.284772127867,0.283824920654,0.283705681562,0.28507271409,0.289265006781,0.292590349913,0.300673574209,0.306144297123,0.312214285135,0.316112190485,0.315928250551,0.314640253782,0.309201985598,0.301968485117,0.293568998575,0.282754510641,0.27355620265,0.26230302453,0.253384739161,0.246436968446,0.242248058319,0.238915845752,0.237926900387,0.237218365073,0.23883394897,0.238647088408,0.24008859694,0.24056597054,0.24175798893,0.242431595922,0.242257073522,0.241280481219,0.240142717957,0.239544451237,0.237912520766,0.236736595631,0.235248088837,0.23345708847,0.233205363154,0.234083652496,0.234487190843,0.236603990197,0.238218903542,0.240131080151,0.241118684411,0.245937392116,0.251816362143,0.258552640676,0.268221944571,0.278186291456,0.291006714106,0.306714683771,0.323940962553,0.34446695447,0.360874205828,0.381311893463,0.398768275976,0.419589996338,0.438917994499,0.462776184082,0.471674054861,0.484937995672,0.495880156755,0.507078528404,0.518318235874,0.521026313305,0.532650411129,0.537680447102,0.540039539337,0.541382491589,0.545502781868,0.548196494579,0.544278860092,0.546615540981,0.546833693981,0.546475708485,0.546099483967,0.544147193432,0.574427425861,0.566973388195,0.553454041481,0.555307686329,0.552809715271,0.557710945606,0.554843366146,0.559600412846,0.555729150772,0.562222182751,0.559506714344,0.564585387707,0.564213573933,0.569371581078,0.570416271687,0.573681890965,0.575495064259,0.577450931072,0.594693303108,0.589378416538,0.585199594498,0.584902107716,0.591111123562,0.594897687435,0.604673147202,0.605838596821,0.605505645275,0.602222204208,0.606481492519,0.605321109295,0.607692301273,0.610256433487,0.618489563465,0.612903237343,0.625,0.617816150188,0.627193033695,0.627272725105,0.631318449974,0.633986949921,0.649047613144,0.651817381382,0.6458132267,0.652083337307,0.677083313465,0.681034505367,0.670698881149,0.676075220108,0.716286838055,0.703333377838,0.69458335638,0.697692334652,0.703347623348,0.720972239971,0.734722197056,0.796245515347,0.883333384991,0.892592668533,0.894696950912,0.816666662693,0.912962973118,0.825000047684,0.916666686535,0.907407522202,0.830303013325,0.834090948105,0.840277731419,0.83707267046,0.819597065449,0.870726525784,0.824786365032,0.833333313465,0.842414557934,0.771520137787,0.849893093109,0.812500059605
P1-6,0.240734606981,0.233144968748,0.235408440232,0.238265231252,0.24042622745,0.242996767163,0.246620491147,0.247882857919,0.248189002275,0.249291539192,0.249693989754,0.249716028571,0.246587812901,0.244886040688,0.242934241891,0.24161824584,0.239580765367,0.239157959819,0.236853405833,0.23689840734,0.234971985221,0.233876347542,0.231863468885,0.229024276137,0.224355340004,0.217514708638,0.210992917418,0.203991129994,0.197249501944,0.189906343818,0.182343557477,0.174693495035,0.167373090982,0.16084048152,0.155455395579,0.150760084391,0.145952031016,0.140850663185,0.135353595018,0.130903244019,0.126698717475,0.123241238296,0.119343951344,0.116275392473,0.113921120763,0.111193858087,0.109807439148,0.109131321311,0.109452567995,0.110323704779,0.111799389124,0.113973811269,0.11742644012,0.119971863925,0.122808352113,0.124839551747,0.124818056822,0.12311077863,0.120183743536,0.115881793201,0.111618727446,0.106403023005,0.100882045925,0.0957242622972,0.0914825350046,0.0883972495794,0.0860148742795,0.0841742157936,0.0835189893842,0.0829799473286,0.0821004733443,0.082051306963,0.0826549902558,0.0828721001744,0.0832083299756,0.0833544284105,0.0832290649414,0.0832692682743,0.0835230648518,0.0830386579037,0.0828221738338,0.0818291381001,0.0818899944425,0.0811161622405,0.081107199192,0.0814185515046,0.0814682468772,0.0819105729461,0.082777403295,0.083225287497,0.0838122963905,0.084050886333,0.0867338180542,0.0895346179605,0.0931995585561,0.0975832119584,0.102931924164,0.110311307013,0.118673145771,0.128444358706,0.139515891671,0.152647390962,0.165165111423,0.177648156881,0.1936622262,0.21000187099,0.223903149366,0.233391031623,0.244777366519,0.255382716656,0.262566238642,0.270876377821,0.275965869427,0.280657827854,0.284355849028,0.288336396217,0.290951192379,0.293370395899,0.29368275404,0.295092910528,0.297344267368,0.297148317099,0.299621850252,0.306510537863,0.300231993198,0.296231478453,0.298575758934,0.298742026091,0.299745678902,0.300949782133,0.303373336792,0.303751379251,0.304955750704,0.305689841509,0.305315226316,0.308754742146,0.310880273581,0.312872558832,0.313943982124,0.315587848425,0.316049903631,0.318352162838,0.315403670073,0.315718144178,0.315718144178,0.319234222174,0.320850878954,0.320216059685,0.320043623447,0.323087573051,0.324808269739,0.322260081768,0.325041413307,0.327500879765,0.331439852715,0.331711053848,0.332122921944,0.331293046474,0.334540486336,0.334496706724,0.338057130575,0.340740740299,0.339549452066,0.338130265474,0.343668550253,0.342305868864,0.342184603214,0.34626686573,0.355266422033,0.355157494545,0.357462465763,0.368267595768,0.368145912886,0.358387053013,0.356738686562,0.369468182325,0.367242395878,0.362546771765,0.373028695583,0.394883006811,0.415360897779,0.37292265892,0.390961199999,0.381613761187,0.418744057417,0.388024091721,0.400081396103,0.41030728817,0.410205602646,0.401939988136,0.410879641771,0.37575802207,0.374889761209,0.387887120247,0.388828396797,0.397996872663,0.370397418737,0.388347417116,0.384909063578,0.396665513515
P1-7,0.357885122299,0.356028228998,0.358999490738,0.362292021513,0.364389687777,0.366555988789,0.367556899786,0.367730140686,0.368010729551,0.36785903573,0.368561089039,0.366367608309,0.364298909903,0.361310690641,0.358100503683,0.356784135103,0.353942126036,0.353228896856,0.350390702486,0.349677234888,0.347829192877,0.347336500883,0.343540728092,0.339576512575,0.332856446505,0.323892295361,0.31518676877,0.305906832218,0.295007973909,0.28350481391,0.272765487432,0.261340469122,0.250897496939,0.24038811028,0.232125595212,0.224406719208,0.216804608703,0.207606896758,0.198592185974,0.190194711089,0.182683438063,0.176451191306,0.169593214989,0.163199901581,0.157715409994,0.152253851295,0.148798435926,0.146889418364,0.146873399615,0.148425251245,0.151549607515,0.156028240919,0.161536723375,0.166961029172,0.172229871154,0.175385683775,0.176028087735,0.173878088593,0.169439449906,0.162964954972,0.154897719622,0.145170241594,0.135665535927,0.125671297312,0.116547293961,0.110501930118,0.104982174933,0.101706445217,0.10127235949,0.101606108248,0.102585621178,0.103755630553,0.10437233001,0.105287417769,0.105340443552,0.10597858578,0.106006398797,0.105875842273,0.105796284974,0.105074591935,0.104017667472,0.102760501206,0.101789012551,0.101026780903,0.100935272872,0.101663708687,0.102599605918,0.103838689625,0.105325356126,0.108381196856,0.111337535083,0.11539696157,0.12099083513,0.128547713161,0.137452587485,0.148848161101,0.160765245557,0.174750730395,0.1910687536,0.211083844304,0.231051802635,0.252041786909,0.274917155504,0.294757783413,0.31330293417,0.332611501217,0.349480569363,0.363429516554,0.37476220727,0.387141078711,0.398709356785,0.405493289232,0.41268363595,0.418663442135,0.422608166933,0.42512384057,0.428260833025,0.430198818445,0.430597037077,0.431716889143,0.433749109507,0.43601873517,0.434541642666,0.437942236662,0.441452264786,0.440823465586,0.44001981616,0.439074337482,0.438748419285,0.441581994295,0.44184884429,0.44324439764,0.444272518158,0.445395976305,0.445740133524,0.444343328476,0.444814771414,0.445011168718,0.447750300169,0.449039459229,0.451919555664,0.454004049301,0.455259978771,0.457167208195,0.458092153072,0.458665311337,0.462404936552,0.461945950985,0.460423648357,0.463809818029,0.46581569314,0.464382916689,0.464110225439,0.465248435736,0.470706552267,0.472081571817,0.474947035313,0.471166312695,0.474434643984,0.474824011326,0.479482859373,0.480663686991,0.48152294755,0.480761736631,0.482310265303,0.485385149717,0.484889835119,0.489583343267,0.495067745447,0.492932647467,0.506292760372,0.504458129406,0.511525511742,0.508684575558,0.507725358009,0.514212071896,0.507783949375,0.508195102215,0.519686043262,0.542011320591,0.548048317432,0.525326251984,0.537988960743,0.52629673481,0.565075516701,0.53777474165,0.551290273666,0.553375244141,0.557667791843,0.561607122421,0.554724693298,0.532816410065,0.520546376705,0.543285310268,0.546393573284,0.55339640379,0.534761428833,0.551326274872,0.535035550594,0.552243828773
P1-8,0.268229871988,0.267091572285,0.272736817598,0.279503971338,0.286652892828,0.293150216341,0.29758054018,0.302386343479,0.307847380638,0.312264502048,0.316943585873,0.319342166185,0.324029803276,0.325900554657,0.327472656965,0.330352634192,0.331060171127,0.333143889904,0.334485888481,0.336365610361,0.338461250067,0.340350300074,0.340748667717,0.34044444561,0.338952600956,0.337521284819,0.334973216057,0.331646263599,0.327094823122,0.322070091963,0.316190063953,0.310092419386,0.306233584881,0.300555557013,0.295563429594,0.290905922651,0.286093860865,0.280477404594,0.273948013783,0.267754107714,0.261820077896,0.256860971451,0.251914024353,0.24606308341,0.241647928953,0.236257299781,0.232627600431,0.230699628592,0.23089517653,0.231765732169,0.235077857971,0.239119365811,0.244474008679,0.249551311135,0.253549844027,0.255678743124,0.256854474545,0.255548000336,0.253140538931,0.247764885426,0.240755438805,0.233211964369,0.224199026823,0.214205294847,0.204280614853,0.197035953403,0.191040381789,0.187620654702,0.187860906124,0.19094543159,0.194284975529,0.19670176506,0.198258712888,0.19903382659,0.199184551835,0.199207663536,0.199087828398,0.199435129762,0.19802993536,0.197779148817,0.196492344141,0.195233106613,0.193660899997,0.192254811525,0.191426664591,0.191996991634,0.1927973032,0.193734005094,0.19536395371,0.199982941151,0.2047881037,0.209829866886,0.215897426009,0.223931625485,0.233547359705,0.245641708374,0.256017744541,0.268784433603,0.280746489763,0.295564621687,0.31061732769,0.324553310871,0.339363455772,0.348989367485,0.35665422678,0.366490006447,0.373531371355,0.380775749683,0.384720683098,0.387051343918,0.39412561059,0.39552628994,0.397803068161,0.400319159031,0.403206884861,0.402564316988,0.401740938425,0.401845633984,0.401515781879,0.401393711567,0.400356888771,0.400876164436,0.399665415287,0.397779136896,0.407185822725,0.407965987921,0.404302626848,0.401554614305,0.403091967106,0.401285499334,0.400122374296,0.400164544582,0.399985343218,0.399093836546,0.399277418852,0.395955771208,0.395013809204,0.39036026597,0.390356361866,0.390657812357,0.392743259668,0.395712375641,0.400164663792,0.401487052441,0.400536686182,0.403148323298,0.400915920734,0.401605427265,0.401841312647,0.403000801802,0.402395367622,0.402996271849,0.40397888422,0.404266685247,0.405823886395,0.407021343708,0.405314087868,0.405894219875,0.407077819109,0.407525420189,0.40759074688,0.409002900124,0.411938548088,0.412106096745,0.416113823652,0.418040931225,0.421176701784,0.422323256731,0.428916454315,0.430158704519,0.43388313055,0.433717310429,0.439141392708,0.438482373953,0.446997493505,0.441948533058,0.443650782108,0.443319290876,0.453472226858,0.470267176628,0.50246155262,0.530394494534,0.518336057663,0.505774438381,0.523692309856,0.518201947212,0.508547067642,0.523994982243,0.512962937355,0.527941942215,0.506093204021,0.507301568985,0.500541329384,0.4996997118,0.506293237209,0.504938304424,0.502652585506,0.504320979118,0.519100606441,0.511764705181
C1-1,0.422740668058,0.414168536663,0.418798804283,0.427304327488,0.433223038912,0.435578882694,0.437291622162,0.438192814589,0.436874181032,0.43642270565,0.436220765114,0.432915002108,0.430574834347,0.425386846066,0.421156287193,0.417955994606,0.414778292179,0.412626385689,0.411231398582,0.409072548151,0.408244490623,0.407147437334,0.403691351414,0.399661749601,0.392464786768,0.383742630482,0.373090863228,0.361625522375,0.349116951227,0.336172640324,0.322851240635,0.308220952749,0.296447724104,0.283904075623,0.274525523186,0.264673292637,0.254636883736,0.243950799108,0.2328954041,0.223244130611,0.215106651187,0.207058772445,0.198994010687,0.191824257374,0.184923037887,0.179499924183,0.175079867244,0.173176318407,0.172834247351,0.175094366074,0.178175956011,0.183336690068,0.19009205699,0.197231203318,0.203891843557,0.207418143749,0.209619298577,0.207241386175,0.20292621851,0.195283457637,0.186408340931,0.175846546888,0.165531992912,0.154506847262,0.144945934415,0.13846744597,0.133652597666,0.130902796984,0.130096256733,0.131681665778,0.133617326617,0.134896069765,0.136556848884,0.138396829367,0.138765484095,0.1397267133,0.140256240964,0.140211939812,0.140536025167,0.139996364713,0.139975190163,0.138792857528,0.137119233608,0.136402666569,0.137355074286,0.137167319655,0.138782575727,0.140561446548,0.141926422715,0.14477828145,0.148918420076,0.154542788863,0.161384433508,0.170461386442,0.181675985456,0.196480557323,0.21402515471,0.234518781304,0.258842557669,0.291342735291,0.324873328209,0.361991941929,0.403514504433,0.447259455919,0.484359711409,0.52332085371,0.56260830164,0.599330306053,0.627028226852,0.648127615452,0.677031695843,0.69523191452,0.712171852589,0.727920591831,0.742536127567,0.751445293427,0.760619997978,0.764609217644,0.770305931568,0.772731840611,0.776468038559,0.776258766651,0.783159554005,0.783367991447,0.781325876713,0.781110465527,0.778669714928,0.777317285538,0.776462495327,0.776140093803,0.773825705051,0.775010168552,0.774103522301,0.772119402885,0.771454393864,0.769957184792,0.763974487782,0.760531663895,0.759115695953,0.75949203968,0.764762580395,0.764318645,0.763693451881,0.768044471741,0.766041398048,0.769755899906,0.7686419487,0.770211875439,0.767116785049,0.765574991703,0.769094347954,0.772135138512,0.769124865532,0.772469341755,0.774731636047,0.775502324104,0.770279169083,0.771941900253,0.776814699173,0.773746609688,0.779010057449,0.781963229179,0.781824290752,0.782633006573,0.785277545452,0.78647005558,0.79007601738,0.789651989937,0.79942625761,0.797642529011,0.803034305573,0.797587454319,0.804078221321,0.812190949917,0.819154918194,0.822331726551,0.814041793346,0.811783730984,0.833430469036,0.862615227699,0.920801997185,0.941736698151,0.895341157913,0.942789137363,0.91606515646,0.922255694866,0.927518844604,0.944811999798,0.92222225666,0.920490562916,0.894289195538,0.902306258678,0.860000014305,0.868250191212,0.87692296505,0.893257379532,0.880120992661,0.900793731213,0.893978357315,0.897164463997
C1-2,0.514787912369,0.514128565788,0.518705666065,0.523436307907,0.52397942543,0.521003723145,0.516078770161,0.512067496777,0.506857454777,0.501462996006,0.497554004192,0.489277690649,0.484531074762,0.476949870586,0.470546364784,0.465287744999,0.461093842983,0.457561641932,0.454127877951,0.450816601515,0.448155999184,0.445380985737,0.440732568502,0.43496081233,0.426138430834,0.416505694389,0.405171781778,0.391998618841,0.379536271095,0.366048365831,0.352327972651,0.336959958076,0.324748009443,0.312002599239,0.301613867283,0.291013598442,0.280558913946,0.269814103842,0.258459627628,0.247463315725,0.238283500075,0.230061933398,0.221438229084,0.21377235651,0.206734731793,0.20077931881,0.196680188179,0.194293230772,0.194348603487,0.196658104658,0.200855225325,0.207076743245,0.214692175388,0.222192406654,0.229270488024,0.23279723525,0.234289228916,0.231940075755,0.226932883263,0.218621984124,0.208546802402,0.197293370962,0.185967341065,0.174060642719,0.163687691092,0.156157419086,0.151267454028,0.147719889879,0.14732991159,0.148934781551,0.150841742754,0.152785241604,0.15401789546,0.155490875244,0.156315386295,0.156662717462,0.157006472349,0.156625643373,0.15698248148,0.15620277822,0.155586719513,0.154272586107,0.152974963188,0.152087911963,0.151809677482,0.152179658413,0.153514161706,0.155192658305,0.156768709421,0.159907698631,0.164034307003,0.168740078807,0.175754487514,0.184787556529,0.195421308279,0.209442228079,0.224256709218,0.241593718529,0.262105613947,0.287202388048,0.313725918531,0.340135842562,0.369917184114,0.397895246744,0.419341117144,0.440916121006,0.462675511837,0.482033967972,0.495630860329,0.506894946098,0.521723866463,0.529928207397,0.537707805634,0.544827997684,0.550170302391,0.552590787411,0.554547846317,0.556840360165,0.558866024017,0.559648692608,0.560070514679,0.561101138592,0.5652140975,0.566785991192,0.573786258698,0.570182681084,0.566024065018,0.563478827477,0.56399679184,0.56371319294,0.564192831516,0.564506649971,0.564545154572,0.566225469112,0.567210257053,0.566182374954,0.562324106693,0.561315774918,0.564230620861,0.567282557487,0.570308446884,0.577091813087,0.578077733517,0.582687675953,0.580550968647,0.585779607296,0.580965280533,0.583973646164,0.584042310715,0.585456550121,0.586973249912,0.589790761471,0.589067578316,0.591479420662,0.59585750103,0.596071541309,0.595093607903,0.598968803883,0.60267752409,0.604347348213,0.609953701496,0.613348901272,0.613914966583,0.616149187088,0.620318949223,0.622871100903,0.626893341541,0.629881441593,0.641862332821,0.641913592815,0.650123476982,0.649359881878,0.657189428806,0.66140204668,0.671032309532,0.675127565861,0.673176109791,0.666946411133,0.68768119812,0.718106031418,0.765497148037,0.790426015854,0.761864602566,0.785008907318,0.763767123222,0.778338193893,0.791203796864,0.786890804768,0.776344835758,0.781665861607,0.757497906685,0.761870920658,0.72901237011,0.731812059879,0.749010741711,0.7596154809,0.756331920624,0.767514109612,0.762884497643,0.767502963543
C1-3,0.456444203854,0.436674177647,0.436988651752,0.443518161774,0.447150409222,0.44707724452,0.446349948645,0.444006353617,0.441595315933,0.438802808523,0.435936480761,0.432185232639,0.427311986685,0.419311434031,0.413644582033,0.408412575722,0.402898699045,0.398553103209,0.395133376122,0.391355752945,0.389509081841,0.386348694563,0.381502509117,0.375456899405,0.366724848747,0.356102347374,0.344587564468,0.330434709787,0.316653549671,0.302908450365,0.289692342281,0.275770097971,0.263556420803,0.251801460981,0.242170259356,0.232448324561,0.223693758249,0.21415604651,0.204873099923,0.196116641164,0.189342573285,0.183551549911,0.176912710071,0.171037063003,0.166235893965,0.161956071854,0.158924266696,0.157651379704,0.157269239426,0.158726230264,0.161686375737,0.165421456099,0.170420974493,0.175922065973,0.180618003011,0.182957544923,0.184131681919,0.18146815896,0.177360653877,0.171398550272,0.16402246058,0.156115695834,0.14853516221,0.141162753105,0.135093942285,0.131737351418,0.129744648933,0.128565490246,0.128343731165,0.129554510117,0.131465241313,0.13270303607,0.13375325501,0.134908482432,0.135678291321,0.136247485876,0.136571153998,0.136854618788,0.137426778674,0.137846067548,0.137913331389,0.136645272374,0.135890081525,0.135378986597,0.135609686375,0.135660663247,0.137217372656,0.138008549809,0.139150887728,0.140831425786,0.143064260483,0.146063387394,0.150319978595,0.15645468235,0.164634987712,0.175967589021,0.190091013908,0.205910056829,0.226550295949,0.256177812815,0.288576960564,0.3246139884,0.368640214205,0.416983485222,0.462974786758,0.509739339352,0.558423101902,0.604993343353,0.641093432903,0.67878818512,0.721179664135,0.748879432678,0.776070356369,0.801953315735,0.823894917965,0.835433483124,0.849951922894,0.859377563,0.866896748543,0.869795203209,0.875818431377,0.877487838268,0.879663825035,0.881802618504,0.896056175232,0.892198503017,0.881253898144,0.875640511513,0.874727904797,0.873421788216,0.87106436491,0.86817330122,0.865225017071,0.865316331387,0.864398181438,0.860742211342,0.854847967625,0.848637640476,0.847380101681,0.847904622555,0.849883317947,0.855718433857,0.856543183327,0.859375476837,0.854599475861,0.857259094715,0.852452337742,0.851900517941,0.850233674049,0.848780572414,0.849762320518,0.850233674049,0.847904741764,0.849677085876,0.856086969376,0.853984951973,0.848066866398,0.849295496941,0.854159474373,0.85263633728,0.857745945454,0.8572666049,0.85834389925,0.860749423504,0.864034950733,0.863175451756,0.866513907909,0.864976704121,0.877838671207,0.884572923183,0.895919144154,0.883520483971,0.898286402225,0.905846953392,0.911217451096,0.917530059814,0.905038177967,0.899845957756,0.921464681625,0.965713620186,1.04752790928,1.09447419643,1.03148365021,1.07939398289,1.05400311947,1.06339716911,1.07140338421,1.08615624905,1.05555558205,1.04891777039,1.0245937109,1.02006387711,0.970185637474,0.976444244385,1.00186467171,1.01328670979,0.99379503727,1.01321947575,1.00631713867,1.01274287701
C1-4,0.297568202019,0.289501994848,0.291131347418,0.295117527246,0.297774463892,0.29824668169,0.296287387609,0.294569551945,0.29155176878,0.289427995682,0.287102460861,0.284447818995,0.281877577305,0.276676118374,0.271732926369,0.268366098404,0.264933079481,0.261222541332,0.259317010641,0.256898671389,0.255330979824,0.252198696136,0.250219553709,0.246756374836,0.24051424861,0.234252139926,0.225242450833,0.216707020998,0.206968396902,0.198496207595,0.189692214131,0.179795473814,0.170874476433,0.164074212313,0.156669065356,0.15014411509,0.14536511898,0.138504207134,0.132720977068,0.126753017306,0.122079394758,0.118617318571,0.113694109023,0.109383165836,0.106752805412,0.104144096375,0.101349204779,0.100324675441,0.100391499698,0.101595506072,0.10373583436,0.106792122126,0.110272407532,0.114465534687,0.117068752646,0.120257556438,0.120711050928,0.118734918535,0.115590654314,0.111407950521,0.105822741985,0.100594259799,0.0948758795857,0.0893294140697,0.0842972844839,0.0818404480815,0.0792305618525,0.0783080682158,0.0784413814545,0.0795184001327,0.0808435305953,0.0808881893754,0.0813817307353,0.0826143696904,0.0833414122462,0.0832142829895,0.084442846477,0.0843706727028,0.0844873264432,0.0850956067443,0.0854222625494,0.0846730321646,0.0831647142768,0.0834285840392,0.0837925598025,0.0852403193712,0.0869581848383,0.0875739231706,0.088319092989,0.0875589177012,0.0899603143334,0.0937570333481,0.0967820584774,0.101554065943,0.10746230185,0.117077715695,0.126895457506,0.139208167791,0.15591236949,0.179826617241,0.203985124826,0.232661083341,0.263958871365,0.301971644163,0.337950378656,0.372852236032,0.409497499466,0.447339683771,0.472934454679,0.504695653915,0.538658440113,0.559308886528,0.579465568066,0.598292768002,0.613017141819,0.621673285961,0.630578398705,0.638809502125,0.644370138645,0.647520899773,0.651121973991,0.651459813118,0.651260495186,0.653609752655,0.663542449474,0.663986504078,0.656072020531,0.652967989445,0.649169445038,0.647112965584,0.6492857337,0.645100951195,0.644444406033,0.647108852863,0.641828358173,0.642003595829,0.640620052814,0.632161855698,0.634509801865,0.631588459015,0.634925365448,0.637497425079,0.642303466797,0.644655108452,0.645721137524,0.6392993927,0.633333325386,0.636414527893,0.635281383991,0.632804214954,0.637774169445,0.634469747543,0.630157709122,0.636096417904,0.638837337494,0.638975679874,0.634243905544,0.63013702631,0.629399597645,0.633986890316,0.644300103188,0.644116282463,0.636712729931,0.632936477661,0.65024626255,0.644356787205,0.641483485699,0.650437057018,0.663306117058,0.664338469505,0.658730089664,0.673160254955,0.673469424248,0.672161221504,0.689920723438,0.697399258614,0.676114916801,0.680952429771,0.722505688667,0.734432280064,0.824404776096,0.867347002029,0.77513229847,0.767195820808,0.818121790886,0.8373016119,0.824404776096,0.830357134342,0.836640298367,0.793915450573,0.764285743237,0.778138577938,0.782661736012,0.736721634865,0.75144302845,0.755411267281,0.774891793728,0.741758227348,0.772727251053,0.75324678421
C1-5,0.481907844543,0.471480220556,0.469964832067,0.46847730875,0.466850072145,0.461995452642,0.456413835287,0.451481968164,0.448384970427,0.442977041006,0.440585136414,0.435837745667,0.433309406042,0.427431643009,0.423535645008,0.420501768589,0.416742175817,0.41504779458,0.411638528109,0.410045415163,0.40939155221,0.407304495573,0.402398854494,0.39724034071,0.389220178127,0.381475180387,0.370763003826,0.35981965065,0.348004639149,0.335896760225,0.323775023222,0.311706870794,0.301281303167,0.290617406368,0.281415373087,0.272530734539,0.264720618725,0.254881858826,0.245427370071,0.23655512929,0.229649215937,0.223677128553,0.21682408452,0.210571050644,0.205292254686,0.20093049109,0.197990879416,0.196456775069,0.196731001139,0.19849729538,0.202840223908,0.207338541746,0.214145347476,0.220934793353,0.226599797606,0.230078309774,0.231179952621,0.229318246245,0.225102037191,0.217959076166,0.209415584803,0.200226917863,0.190502434969,0.18072335422,0.172718629241,0.166650772095,0.163063630462,0.161122590303,0.16042137146,0.162547960877,0.164854735136,0.16609813273,0.16751344502,0.16961915791,0.169060096145,0.169622346759,0.170323744416,0.170151084661,0.171164825559,0.171178296208,0.170220628381,0.168956980109,0.168115377426,0.168335363269,0.167844131589,0.168173074722,0.170487061143,0.171650007367,0.172703519464,0.175006076694,0.179598942399,0.184447363019,0.190648943186,0.199451521039,0.211155131459,0.225474908948,0.24298350513,0.262760430574,0.285942733288,0.316789329052,0.349512159824,0.382309913635,0.421011656523,0.458828032017,0.490962028503,0.520089268684,0.55086606741,0.581764101982,0.603408336639,0.626102149487,0.652067840099,0.668474793434,0.684362888336,0.697467803955,0.706111967564,0.715091049671,0.719831049442,0.725612461567,0.729328989983,0.732373833656,0.735104680061,0.738490760326,0.743563532829,0.746601462364,0.765473723412,0.761406898499,0.752342283726,0.748153746128,0.748205959797,0.750810801983,0.752692878246,0.753834664822,0.751231849194,0.758911252022,0.756800055504,0.753136992455,0.752576708794,0.746009707451,0.752642929554,0.755368888378,0.760393679142,0.761802017689,0.771594703197,0.77626657486,0.780041158199,0.779761850834,0.772409319878,0.780882418156,0.775973975658,0.777700424194,0.77959805727,0.781186103821,0.775000035763,0.781251370907,0.784086287022,0.785473227501,0.785375595093,0.785241603851,0.78674942255,0.789653360844,0.803401887417,0.802519738674,0.805733978748,0.801829636097,0.814576804638,0.809001088142,0.814903855324,0.822222232819,0.830605089664,0.844470143318,0.837797701359,0.85187536478,0.845982134342,0.857384562492,0.871562540531,0.875934064388,0.859398663044,0.873640179634,0.907142758369,0.922488212585,0.967633903027,1.03810584545,0.959226191044,0.951388835907,0.969866096973,0.990079343319,1.00198423862,1.01364088058,1.0482391119,0.981051623821,0.948051989079,0.979640126228,0.986607193947,0.919585645199,0.948051989079,0.971252739429,0.997564911842,0.933264732361,0.99837654829,0.97936964035
C2-1,0.322314053774,0.316742122173,0.322299063206,0.327849924564,0.333247452974,0.335772037506,0.335151106119,0.336740225554,0.334988564253,0.330777108669,0.327217131853,0.325791954994,0.321623504162,0.315533310175,0.312278062105,0.308275878429,0.304926753044,0.301486909389,0.298026442528,0.294961035252,0.291332215071,0.286481112242,0.281784236431,0.275851905346,0.267307460308,0.255745381117,0.243974402547,0.231422916055,0.21933798492,0.206615939736,0.195641219616,0.184655234218,0.17382889986,0.164465785027,0.154651626945,0.148831740022,0.141667634249,0.132571652532,0.125222727656,0.119113989174,0.113966152072,0.107110209763,0.102996997535,0.0985247641802,0.0946462452412,0.0915695130825,0.0889570489526,0.0889208391309,0.0873557925224,0.0890288576484,0.0917072743177,0.0941709205508,0.0983800813556,0.102312773466,0.105919450521,0.108433634043,0.107660673559,0.10611012578,0.101386912167,0.0969620049,0.0906470716,0.083385951817,0.0765661224723,0.0701581016183,0.0668126940727,0.0627283751965,0.0617506727576,0.0605474375188,0.060605417937,0.0594737678766,0.0596698373556,0.0607780478895,0.0616342686117,0.061913266778,0.062744371593,0.0633759051561,0.0638617575169,0.0637777969241,0.064621321857,0.0653471276164,0.0642201825976,0.0637472346425,0.0633989647031,0.0638693720102,0.0630827471614,0.0644410327077,0.0644268840551,0.0658299848437,0.0667114779353,0.0695579648018,0.0681818202138,0.0715336874127,0.0754263922572,0.0804880857468,0.086495988071,0.0927518382668,0.103589937091,0.118244200945,0.1325648278,0.15332429111,0.177740857005,0.201983064413,0.229368925095,0.261346369982,0.300812095404,0.334635198116,0.364969730377,0.396232783794,0.421270668507,0.454846471548,0.475737184286,0.4970921278,0.517579972744,0.532946884632,0.551048874855,0.561935067177,0.573122560978,0.58041960001,0.587541997433,0.593602716923,0.599599659443,0.599778234959,0.604289472103,0.608706533909,0.603096187115,0.60712647438,0.608822524548,0.606232762337,0.607406079769,0.606363654137,0.608500301838,0.609452366829,0.613950490952,0.610035896301,0.612464904785,0.613147675991,0.611848831177,0.611888170242,0.614333450794,0.608504533768,0.611384630203,0.613841116428,0.610962629318,0.615488111973,0.613415718079,0.610576987267,0.6163636446,0.614311277866,0.612121284008,0.61469835043,0.61469835043,0.618181884289,0.620611965656,0.609375,0.616383671761,0.614885210991,0.619880259037,0.622779548168,0.626412570477,0.615299344063,0.626136362553,0.623543143272,0.629186570644,0.631330430508,0.62856221199,0.63034760952,0.632767438889,0.639730513096,0.642706155777,0.631578803062,0.640909075737,0.645687758923,0.648242950439,0.654967069626,0.637878775597,0.658357858658,0.650137841702,0.639296293259,0.670909166336,0.660929143429,0.702479422092,0.661616265774,0.677686035633,0.677686035633,0.699999928474,0.690909087658,0.705371916294,0.713636338711,0.671487689018,0.698347210884,0.693181931973,0.657575845718,0.664772748947,0.6875,0.694805264473,0.654545545578,0.66969704628,0.655748605728,0.675757706165,0.675757706165
C2-4,0.337995320559,0.330675840378,0.333213508129,0.337821602821,0.338551968336,0.337747842073,0.337438434362,0.335089623928,0.331294864416,0.32850754261,0.322836697102,0.319763451815,0.316006213427,0.310537368059,0.304724156857,0.300600200891,0.296217799187,0.292055338621,0.288505405188,0.285644412041,0.280558288097,0.275552004576,0.270027458668,0.262849569321,0.254336863756,0.244761392474,0.233217120171,0.220272615552,0.208892986178,0.198130697012,0.188062638044,0.178645670414,0.168815210462,0.160741910338,0.152714595199,0.147308915854,0.14045098424,0.134009957314,0.127640217543,0.12201397121,0.11825876683,0.113238729537,0.109333068132,0.105025149882,0.101938553154,0.0989888459444,0.0968485996127,0.0955330207944,0.0954355597496,0.0958480685949,0.0976704582572,0.0991956070065,0.101551420987,0.10483519733,0.107514493167,0.108834311366,0.107930228114,0.105457849801,0.102045945823,0.0970821008086,0.0924213379622,0.0869055613875,0.0816484317183,0.0772636607289,0.0732783004642,0.0708847120404,0.0697140619159,0.0681357681751,0.0677640140057,0.0670730397105,0.067590713501,0.067818582058,0.0679430142045,0.068798571825,0.0696257650852,0.0698740929365,0.0699575766921,0.0699965134263,0.0695809870958,0.0701132193208,0.0700143799186,0.0700905844569,0.0692463442683,0.0686446353793,0.0685379728675,0.0691329464316,0.0698890462518,0.0705816298723,0.0719726681709,0.0718379020691,0.072478659451,0.0739310011268,0.0764160007238,0.0802778154612,0.0836044326425,0.0894576832652,0.0968005731702,0.107937626541,0.119039967656,0.136381581426,0.155764818192,0.17730678618,0.202510535717,0.233324065804,0.271142721176,0.307105273008,0.340271860361,0.373884916306,0.402829140425,0.435749560595,0.466537982225,0.492811739445,0.516153156757,0.538250148296,0.560301423073,0.576301813126,0.592243015766,0.602610230446,0.612219154835,0.619202971458,0.624699771404,0.628053724766,0.628080964088,0.62737506628,0.632530868053,0.636896848679,0.639094293118,0.637364804745,0.638536214828,0.64098829031,0.640719354153,0.639468312263,0.642638683319,0.64462262392,0.643273830414,0.64443564415,0.641922533512,0.643601894379,0.646703779697,0.644342005253,0.637371599674,0.635920464993,0.633986890316,0.639589071274,0.640185415745,0.639830887318,0.645104527473,0.646236002445,0.644668400288,0.645898222923,0.647233307362,0.650622427464,0.652274370193,0.648553907871,0.65359967947,0.656779229641,0.656081438065,0.657913208008,0.660859405994,0.655826568604,0.662492632866,0.661754369736,0.662935078144,0.662287712097,0.659860730171,0.665694713593,0.66564309597,0.662588894367,0.66223692894,0.661782681942,0.664285778999,0.666157841682,0.666146457195,0.679979562759,0.662331342697,0.675883233547,0.678762376308,0.678747415543,0.684297919273,0.673202574253,0.669985473156,0.703174650669,0.693963527679,0.665223658085,0.689033210278,0.701587200165,0.711832642555,0.715872943401,0.66666674614,0.723665297031,0.701058208942,0.666468203068,0.696837067604,0.685317456722,0.702343285084,0.657142758369,0.701785802841,0.665674626827,0.709722280502,0.686640202999
C2-5,0.358876109123,0.339768737555,0.33346298337,0.335286557674,0.337132513523,0.342236459255,0.344522356987,0.346993327141,0.347181290388,0.345584452152,0.342783182859,0.345457732677,0.343050897121,0.335700452328,0.332528918982,0.330316185951,0.327781766653,0.327072829008,0.324073016644,0.32265034318,0.321446865797,0.320162832737,0.317445427179,0.31412011385,0.308186501265,0.301503360271,0.291822552681,0.282443761826,0.273661136627,0.261417120695,0.251523017883,0.242451757193,0.231933087111,0.222148239613,0.213375836611,0.206054076552,0.19839181006,0.190923303366,0.181962177157,0.173856809735,0.166594818234,0.16122187674,0.155859336257,0.148975536227,0.144849851727,0.14067915082,0.138173133135,0.136814728379,0.136130839586,0.137798219919,0.140974014997,0.144827693701,0.150285899639,0.155623868108,0.159949406981,0.162805527449,0.162312522531,0.15892983973,0.153062745929,0.145462483168,0.137084379792,0.127494856715,0.11903501302,0.110257148743,0.10271717608,0.0976857468486,0.0947165042162,0.0925768017769,0.0916666537523,0.091480076313,0.0915668085217,0.0915230512619,0.0922624468803,0.0937249585986,0.0943712443113,0.0953911170363,0.0954698473215,0.0956935063004,0.0960796251893,0.0951765775681,0.094888009131,0.0941745787859,0.0927803367376,0.0919639468193,0.0923991501331,0.0917417407036,0.0922512188554,0.092979349196,0.0956253781915,0.0984068661928,0.100277766585,0.10421602428,0.109045051038,0.117655977607,0.126322329044,0.137519448996,0.15040384233,0.168457150459,0.186855152249,0.213642030954,0.241096556187,0.270330965519,0.303557574749,0.337007343769,0.374524384737,0.412770748138,0.448030471802,0.473812490702,0.487800687551,0.511846899986,0.541183531284,0.555872917175,0.574765264988,0.596490442753,0.617210865021,0.629629552364,0.646921932697,0.655629396439,0.667101800442,0.673533141613,0.680052757263,0.685402393341,0.663447141647,0.651616990566,0.69138199091,0.701231658459,0.70448333025,0.705639719963,0.710553765297,0.714522540569,0.713800787926,0.715764701366,0.716196894646,0.718191981316,0.723253190517,0.726683020592,0.729591548443,0.739726245403,0.745739579201,0.739641547203,0.723039269447,0.718718707561,0.723529458046,0.732897639275,0.72880256176,0.732692301273,0.744444429874,0.75049507618,0.752664506435,0.760589957237,0.759328484535,0.769735395908,0.773407518864,0.768673717976,0.77655684948,0.784867584705,0.785361230373,0.78625613451,0.795389652252,0.787821173668,0.798611104488,0.792304039001,0.796456038952,0.793510198593,0.787024259567,0.790381550789,0.789070904255,0.776565611362,0.766490399837,0.755330681801,0.772831976414,0.779586970806,0.756209135056,0.768570780754,0.747694134712,0.772938966751,0.773955225945,0.758422911167,0.737128198147,0.679575204849,0.614343464375,0.689876496792,0.675925850868,0.656733989716,0.658383846283,0.675757586956,0.689696907997,0.706262648106,0.663973033428,0.723232269287,0.749002814293,0.72000002861,0.758496761322,0.737407445908,0.757460296154,0.729999959469,0.77055555582,0.744771242142,0.78990739584,0.76092594862
C2-11,0.538591086864,0.518853724003,0.514173090458,0.522751331329,0.533463180065,0.541502773762,0.547844946384,0.554658472538,0.557631611824,0.55653578043,0.552022635937,0.555923223495,0.553178846836,0.542189180851,0.535837173462,0.532448530197,0.526827991009,0.522724926472,0.518066823483,0.515261888504,0.510716617107,0.507262527943,0.500513017178,0.491190344095,0.479782730341,0.46608042717,0.44756141305,0.428034394979,0.410968661308,0.388660818338,0.370213657618,0.352795124054,0.334380716085,0.3175124228,0.303476661444,0.290360361338,0.278394550085,0.265190511942,0.251928180456,0.238460183144,0.228044196963,0.21955306828,0.21176739037,0.202076748013,0.195675089955,0.190358638763,0.187286376953,0.185465410352,0.185533002019,0.188921928406,0.194516181946,0.200512826443,0.209101200104,0.218189373612,0.224993869662,0.230255231261,0.230244234204,0.224786683917,0.215989232063,0.20446562767,0.19144077599,0.177999615669,0.165844932199,0.153508782387,0.14301584661,0.134287461638,0.129300221801,0.126753821969,0.126142635942,0.126089468598,0.126978173852,0.127921000123,0.12913942337,0.130668267608,0.133008509874,0.13453233242,0.135072305799,0.135114535689,0.134181305766,0.134647801518,0.133983179927,0.133003041148,0.131944432855,0.131193324924,0.129907861352,0.130680784583,0.131852909923,0.132485255599,0.136783733964,0.141199454665,0.145769283175,0.150104925036,0.158811464906,0.171564057469,0.18547308445,0.202819630504,0.224500656128,0.251236230135,0.279614627361,0.320682823658,0.365908145905,0.416053920984,0.467080205679,0.518160760403,0.581248104572,0.640319764614,0.696140289307,0.735464572906,0.746949851513,0.781181514263,0.821368217468,0.839926719666,0.866434395313,0.896602332592,0.926346123219,0.944322645664,0.966243982315,0.98035377264,0.989615023136,0.996074855328,1.00123643875,1.00368249416,0.95636588335,0.921905815601,0.995614349842,1.01706445217,1.01512897015,1.01261436939,1.01584625244,1.02174270153,1.01943767071,1.0157828331,1.01271235943,1.01392328739,1.01890027523,1.02551233768,1.02233994007,1.03402364254,1.0456289053,1.03225803375,1.00183498859,0.980292797089,0.98774510622,1.00183820724,0.99534791708,1.00681102276,1.0158251524,1.02557766438,1.03591275215,1.04646027088,1.04633951187,1.05813491344,1.05796205997,1.04796016216,1.06285333633,1.06936824322,1.07074177265,1.07423365116,1.08155488968,1.07012188435,1.07696759701,1.06571865082,1.07236850262,1.07175934315,1.06369054317,1.06405472755,1.05125665665,1.02729380131,1.00484490395,0.987067043781,1.01443088055,1.01225960255,0.984068572521,0.990591347218,0.963194429874,1.00466239452,1.00935828686,0.982652902603,0.926217973232,0.819010436535,0.746401488781,0.821064770222,0.820075750351,0.786458313465,0.79981058836,0.82670456171,0.824999988079,0.856249988079,0.833333313465,0.907828330994,0.954861164093,0.934895813465,0.976715743542,0.950000047684,0.979365110397,0.943749964237,0.98324650526,0.94217222929,1.01232635975,0.990364551544
C2-12,0.339826703072,0.333377331495,0.338483154774,0.346603214741,0.357425510883,0.367590993643,0.37509393692,0.381154179573,0.385814726353,0.388317584991,0.390809267759,0.392617404461,0.390558540821,0.388275265694,0.385877102613,0.385295003653,0.383779108524,0.382515251637,0.380534827709,0.38087439537,0.378511607647,0.376525312662,0.373304754496,0.368085950613,0.360546737909,0.3502356112,0.33911588788,0.326788812876,0.314568668604,0.30128583312,0.288457095623,0.274705648422,0.26220998168,0.250992834568,0.240901395679,0.232063025236,0.222984105349,0.21448507905,0.204673439264,0.195667937398,0.187486439943,0.181476250291,0.175566270947,0.169784247875,0.165408849716,0.161763697863,0.158777728677,0.157928302884,0.158316671848,0.160622745752,0.164628103375,0.169961452484,0.176016256213,0.182194307446,0.187607422471,0.191465526819,0.192185595632,0.188927561045,0.182933375239,0.175018429756,0.165463477373,0.155164435506,0.145050436258,0.135574892163,0.127608701587,0.121962442994,0.117871500552,0.115446351469,0.115044355392,0.115498684347,0.115498781204,0.115813180804,0.117155566812,0.118100643158,0.119267202914,0.119951918721,0.120742455125,0.121011853218,0.120685972273,0.120465114713,0.119785763323,0.118641898036,0.117403641343,0.116311237216,0.116045966744,0.116352513433,0.117149397731,0.11779999733,0.12011680752,0.122704073787,0.125082716346,0.128385037184,0.133990094066,0.142033591866,0.151273876429,0.163691133261,0.178096503019,0.196460798383,0.218189284205,0.24573931098,0.275623857975,0.308027029037,0.343605607748,0.379121392965,0.417895227671,0.456404149532,0.493538230658,0.517521739006,0.542325079441,0.566594481468,0.59165930748,0.608431696892,0.624855399132,0.64056789875,0.650350928307,0.659374058247,0.66733455658,0.672433257103,0.677152037621,0.678951621056,0.680273711681,0.682954490185,0.675724983215,0.673632919788,0.684894263744,0.685223460197,0.683870971203,0.683056592941,0.684830367565,0.683094501495,0.68360888958,0.684572517872,0.684596896172,0.684437096119,0.685831904411,0.687529921532,0.690999984741,0.695761680603,0.696090996265,0.694126665592,0.690836071968,0.688468635082,0.690221428871,0.686170697212,0.690851032734,0.688340365887,0.689118266106,0.692233502865,0.689533233643,0.686680316925,0.690733611584,0.691145777702,0.689551651478,0.692763149738,0.689473152161,0.691392123699,0.692413508892,0.693956673145,0.691322743893,0.691788911819,0.694919407368,0.688904523849,0.694078981876,0.69331330061,0.69393569231,0.693615794182,0.69274443388,0.693236708641,0.69458168745,0.69711124897,0.696774184704,0.698466002941,0.696026206017,0.69540989399,0.690513074398,0.695645153522,0.696499347687,0.689041137695,0.688319683075,0.657515227795,0.629807710648,0.65785574913,0.646130919456,0.638888955116,0.638653874397,0.644423127174,0.640807747841,0.655653834343,0.655306279659,0.648214221001,0.658064484596,0.664979040623,0.684139370918,0.673214316368,0.661630988121,0.676515221596,0.680882334709,0.672678589821,0.661170661449,0.652941226959
C2-18,0.333210676908,0.325410544872,0.329592853785,0.339216113091,0.345507830381,0.350778609514,0.35570037365,0.357419610023,0.357605963945,0.356410354376,0.354297637939,0.354041963816,0.348097890615,0.3431853652,0.337791651487,0.333331465721,0.329185158014,0.326189726591,0.322185724974,0.319277882576,0.315068811178,0.311196923256,0.305483937263,0.298108577728,0.287817388773,0.276566118002,0.263722598553,0.250322133303,0.236606940627,0.222482860088,0.209280192852,0.196535110474,0.183930367231,0.173802122474,0.163840278983,0.155752554536,0.148358985782,0.140366181731,0.132265657187,0.125438839197,0.11905900389,0.114088959992,0.108993530273,0.104279011488,0.100801452994,0.097687445581,0.0960452258587,0.0952568501234,0.0947226658463,0.0965547785163,0.0985560417175,0.102080278099,0.105780981481,0.110728815198,0.114086389542,0.116936728358,0.117283947766,0.11544071883,0.110930122435,0.105551786721,0.0998805835843,0.0923668146133,0.0862890332937,0.0793621689081,0.0749238356948,0.0719005316496,0.0702461749315,0.0679933652282,0.0678218379617,0.0673081427813,0.0674239471555,0.0671505630016,0.0678870603442,0.0688088312745,0.0695753097534,0.0703511685133,0.0704974383116,0.0709961950779,0.0712361633778,0.0711522251368,0.0710026919842,0.0699561536312,0.0697984993458,0.0689929798245,0.0694981366396,0.0695102661848,0.0700427666306,0.0712148994207,0.0727632194757,0.0736933127046,0.074335694313,0.076153293252,0.0792699679732,0.0850973278284,0.0911220610142,0.0991218388081,0.109998963773,0.123304001987,0.141334697604,0.163505330682,0.188731715083,0.217401653528,0.249380275607,0.28468388319,0.325219810009,0.364998221397,0.405428111553,0.436891227961,0.467575699091,0.501804292202,0.530160844326,0.551092505455,0.575478672981,0.590265870094,0.599597811699,0.609025061131,0.617121756077,0.623871386051,0.629004776478,0.631525635719,0.635152578354,0.636249125004,0.633834958076,0.640805542469,0.651129066944,0.640191733837,0.637501358986,0.635254621506,0.639191031456,0.63902002573,0.637137651443,0.636851489544,0.63870292902,0.639462590218,0.641619026661,0.644055962563,0.648337960243,0.653721868992,0.654281973839,0.651603877544,0.651100754738,0.655743837357,0.651991605759,0.647500038147,0.6502186656,0.64713704586,0.649314641953,0.645932853222,0.646787405014,0.645664274693,0.641303896904,0.641603589058,0.641580283642,0.640469968319,0.645460963249,0.644570708275,0.64315444231,0.647855639458,0.649228870869,0.651102244854,0.646007537842,0.646122813225,0.643716156483,0.646003007889,0.644392609596,0.644433677197,0.647379457951,0.657079160213,0.657508671284,0.663369715214,0.669353425503,0.668236792088,0.667283892632,0.672601282597,0.66883867979,0.670000016689,0.671698212624,0.665986359119,0.677499949932,0.671700060368,0.677083313465,0.677083313465,0.723311543465,0.704901993275,0.692402005196,0.705882310867,0.701470553875,0.668300569057,0.68997824192,0.68479514122,0.659841239452,0.656521737576,0.670512914658,0.649999916553,0.656060636044,0.655072450638,0.664915442467,0.647444427013,0.675301909447,0.646497547626
